date,ISI,FFMC,月尺度_气压(hPa),月尺度_紫外辐射(MJ/m2),月尺度_光合有效辐射(MJ/m2),树干径流_树干径流量,BUI,月尺度_净辐射(MJ/m2),月尺度_60厘米土壤温度(°C),DMC,月尺度_反射辐射(MJ/m2),月尺度_总辐射(MJ/m2),温度变化率,月尺度_5厘米土壤温度(°C),月尺度_10厘米土壤温度(°C),蒸散量_该日土层储水量,月尺度_气温(°C),温度距平,月尺度_地表温度(°C),雨水水质_硫酸根,DC,FWI,FWI_grade
2005/1/31,0.4581,1.3557578404928683,959.8724731441396,5.793793103448277,147.87213793103453,-0.186587432,9.0188,17.063896551724138,7.926265414671211,-2.107376596,29.84231034482759,169.481275862069,2.0363146068865454,3.751268569058424,4.083015890443427,413.280398671096,2.676310120401435,-1.899015797,2.6204860893266693,1.8572,15.84484431269214,2.68,低危险
2005/2/28,2.2668,1.1712414845627126,958.634644122327,4.096521739130434,176.2417391304348,-0.058125329,16.5747,39.070956521739134,8.986119500229481,-1.468679944,19.152,98.43582608695652,2.0363146068865454,6.944775822631129,7.057122718480247,427.20479875000007,10.989902421618892,-1.38029118,6.354212189123363,2.3918,17.65673368502699,7.53,中危险
2005/3/31,3.1115,0.986725128632557,957.3968151005143,8.948,407.786,0.0228835025981709,19.9751,78.89299999999997,10.04597358578775,-0.829983291,40.28700000000001,206.93599999999995,2.0363146068865454,10.138283076203834,10.031229546517068,425.89611195542,17.370476063582082,-0.861566562,10.087938288920055,2.3118,21.137174578272216,9.1,中危险
2005/4/30,2.7449,-0.470830257,952.3704166666664,17.663,802.558,-0.331664601,17.6682,204.149,14.676805555555552,0.5935781593829463,79.805,425.44,2.0363146068865454,17.821666666666665,17.46611111111111,427.20479875000007,25.36558347038951,0.3269149746449032,18.34111111111111,3.4721,26.3927114674634,8.34,中危险
2005/5/31,8.3568,-0.574361127,946.4762096774192,16.052999999999997,687.1389999999999,0.3786902940742196,27.025,165.83900000000003,19.42567204301076,0.5099148510840891,74.68700000000001,347.93300000000005,0.5006688551636396,21.91948924731184,21.69852150537635,424.023315001918,30.170753511589044,0.6208964598307372,22.197043010752694,11.253,32.06566404523179,14.69,高危险
2005/6/30,15.7563,-1.143330796,943.53,21.354,883.2659999999997,-0.087116109,38.1216,224.853,22.63111111111112,1.089544267529425,96.25,446.14,0.8577830788946007,25.59055555555556,25.355416666666667,423.141803699897,32.63805125447136,1.1228938178185932,26.27388888888889,6.8221,37.54442779626269,20.29,很高危险
2005/7/31,8.9514,-1.564494617,945.6030913978492,28.37,1205.082,0.1665113562534365,26.0834,331.2389999999999,25.085618279569896,1.5372558436820465,134.759,619.097,0.4342630528161571,27.11720430107527,26.994758064516123,423.497928123801,34.80681543372525,1.3781945112114995,29.11411290322581,5.1858,43.37550198827646,14.95,高危险
2005/8/31,11.7019,-1.218229989,946.2592741935482,23.91,1035.382,-0.025902599,27.4686,267.607,25.83212365591398,1.2012149101774758,102.654,513.8130000000001,-0.43394008,26.791263440860217,26.72741935483872,427.20479875000007,32.69581697791807,1.1277745680846438,26.81384408602151,10.447,48.85976978080458,16.76,高危险
2005/9/30,6.4915,-1.177838501,951.9991666666666,21.082,927.218,0.7537237673151396,22.1932,235.48899999999995,24.27166666666666,1.2288164710921712,97.31700000000002,470.151,-0.235894505,24.72305555555556,24.66902777777777,425.488949275362,30.275487815551045,0.9927144187191592,25.70333333333333,7.8291,54.20191978080457,12.66,高危险
2005/10/31,5.5593,-0.145390749,958.257123655914,13.096,575.3909999999998,0.7763238819689434,23.6412,124.32099999999998,21.592607526881725,0.2567660321686067,62.35,301.096,-1.548928977,19.80793010752688,19.8614247311828,422.32894231999,23.647252698791753,0.0928233172515161,18.37795698924732,7.5839,58.30012945822393,12.09,高危险
2005/11/30,5.6116,0.3482997555348178,957.9544444444444,9.199,403.28899999999993,0.9209609161233112,24.6745,73.164,18.12513888888889,-0.189880108,40.11300000000001,209.473,-0.784196585,15.918888888888892,16.01888888888889,427.20479875000007,19.557012321538647,-0.361617938,13.788611111111113,3.8688,61.64515445822393,12.28,高危险
2005/12/31,0.82,1.2583317490201955,963.1798387096776,7.268,325.0810000000001,0.7320218303302639,10.4965,47.08599999999999,13.170967741935486,-0.856375865,36.04200000000001,184.003,-1.700871487,9.505645161290325,9.670833333333333,420.991225590956,7.370889368270356,-1.350014205,6.422983870967743,5.0218,63.4988963937078,4,低危险
2006/1/31,2.2429,1.3557578404928683,959.2955645161288,6.609000000000001,283.733,0.4649973792141451,16.332,49.94799999999999,10.271236559139789,-1.316300998,30.576000000000004,169.245,-0.362308109,7.277016129032258,7.396908602150537,427.20479875000007,8.784995894536458,-1.558709159,5.195430107526882,10.727,64.81415445822392,7.46,中危险
2006/2/28,2.2024,1.3557578404928683,960.6599702380954,5.085,181.66800000000003,1.4808294807414106,14.6897,36.741,9.728125,-1.595250618,18.529,101.14,0.1409807509239525,7.714732142857144,7.803422619047618,427.20479875000007,9.326710566101719,-1.474242809,6.2994047619047615,4.2832,66.49617231536678,7.19,中危险
2006/3/31,5.3968,0.7122554050861086,954.8377688172044,10.635,413.42,1.0584071598764446,21.9199,115.591,10.724596774193548,-0.509187372,46.774,253.896,1.387835488399629,10.897983870967742,10.840994623655911,427.20479875000007,22.540558966957217,-0.663494617,11.717741935483875,5.30283,70.35787272080712,11.72,高危险
2006/4/30,5.7474,-0.368133861,950.0293055555557,15.777,649.881,0.2661802521019429,25.5967,176.08200000000002,15.588194444444447,0.4432906642709507,68.76199999999999,371.137,1.622748836472637,17.743055555555554,17.633055555555554,425.983388704319,25.066620999273415,0.2840885204815994,18.952222222222225,2.5199,75.66351035676436,12.51,高危险
2006/5/31,6.668,-0.810411884,950.003629032258,21.056,876.063,1.72658453214105,22.6011,231.09300000000005,18.908467741935485,0.8764224198088287,89.159,468.138,0.6884904488202328,21.05470430107527,20.92849462365591,427.20479875000007,30.332554139352787,0.6874744206676519,22.63252688172043,2.2778,81.5393645888946,12.85,高危险
2006/6/30,10.9606,-0.991588924,945.7473611111112,21.184,840.52,0.3786902940742196,27.7069,229.171,21.155,0.9596715477650122,83.85100000000001,440.7559999999999,0.477429528569137,23.26027777777778,23.15277777777778,416.954817275748,32.378116947321885,0.9679192039143084,25.26388888888889,1.4341,86.79819810435897,16.39,高危险
2006/7/31,11.3641,-1.45430205,943.4647849462366,25.593999999999983,1007.98,0.2782284421334536,27.5457,290.015,23.97096774193549,1.4073522985876656,101.276,532.6360000000002,0.6218352566385866,25.98817204301075,25.9010752688172,400.131464413722,34.439494966696664,1.3324790449375723,28.24489247311828,1.3685,92.56032216681376,16.59,高危险
2006/8/31,7.5197,-1.436552303,946.7955645161288,25.349,1031.375,1.0540592154331745,24.4819,289.827,24.823521505376345,1.424838667588202,102.699,559.912,-0.055889129,26.09018817204301,26.026209677419352,397.747922544242,33.63760661219203,1.3022704328438517,28.86424731182796,1.8864,98.27996722323346,13.75,高危险
2006/9/30,5.1495,-1.169087762,952.3597222222222,20.185,854.5909999999998,-0.262523962,21.057,229.061,23.58263888888889,1.3290486744795833,87.75200000000001,473.398,-0.702659129,23.175138888888885,23.191666666666663,402.370607848166,30.694667034493524,0.8953240235885074,24.933611111111112,2.0801,103.48749222323346,11.38,高危险
2006/10/31,1.5205,-0.415329213,956.7176075268816,12.369000000000002,495.309,-0.153536766,14.5299,107.696,22.0888440860215,0.4885613043238165,54.193000000000005,269.25100000000003,-0.874900368,21.43024193548387,21.470564516129027,405.71456195738,21.57356735470474,0.3880486178290811,20.258736559139784,2.19738,107.99379867484636,6.03,中危险
2006/11/30,1.7076,0.4377292521493586,957.4399747474746,9.331,431.5209999999999,-0.552531367,16.5975,67.43299999999999,19.14926767676768,-0.275980707,30.411000000000005,207.353,-1.399314835,16.39296717171717,16.54419191919192,381.498945608847,15.459640524269405,-0.424693571,13.994545454545456,2.5305,111.25163276575545,6.62,中危险
2006/12/31,0.7843,1.24340384719922,962.632123655914,8.578000000000001,440.5279999999999,-0.05530442,11.9941,62.06,14.17728494623656,-0.944766098,30.588,219.928,-1.359451067,10.691263440860212,10.87190860215054,381.292916283349,8.407167541063831,-1.214215468,7.394086021505376,2.4105,113.2930924431748,4.06,低危险
2007/1/31,0.9707,1.3557578404928683,964.1044354838708,6.815999999999999,338.5809999999999,0.7724754409771843,12.1055,48.192999999999984,10.871370967741935,-1.482909104,36.753,181.821,-0.701658565,7.534946236559142,7.700134408602151,379.380694980695,5.930460984424945,-1.620579057,4.671505376344085,3.2346,114.52282631414252,4.57,低危险
2007/2/28,1.1113,0.6574051932974007,955.4175595238096,8.82,411.921,0.4850265279854437,12.9152,78.667,12.18422619047619,-0.488440924,43.586000000000006,223.127,1.6663698083863834,12.073511904761904,12.043601190476188,386.62350188483,13.659017433371671,-0.64758709,11.473511904761905,2.8431,117.34754952842825,4.99,低危险
2007/3/31,3.6723,0.8300581361348073,953.8565334268347,10.522,470.949,0.5099340081018261,19.026,118.067,12.990971248246842,-0.742283156,29.762000000000008,246.44200000000004,-0.082721772,12.73769869097709,12.715679055633474,382.108013937282,19.627873696963075,-0.693425478,12.199386395511922,3.4294,121.2946550057699,9.64,中危险
2007/4/30,6.1239,0.1318345074407022,954.366002415459,13.821000000000002,557.473,0.329985341764398,22.1036,145.25799999999998,15.632330917874404,-0.019998206,55.93300000000001,326.17,0.9593337310197048,16.343435990338165,16.351485507246377,403.203951644352,25.174550658928897,-0.132275765,16.26288043478261,3.7365,126.1529838364281,12.35,高危险
2007/5/31,8.0756,-0.970721351,948.8689048620852,24.643,949.075,-0.071349874,23.9158,281.14400000000006,18.91425315568022,1.034789562871644,95.6,547.481,1.6584381895654885,21.37376694717158,21.23298854604956,408.917145445135,31.471673947011332,0.8360961046517404,23.91345839177185,3.0718,132.3630242037395,14.05,高危险
2007/6/30,8.183,-0.888609809,945.5821158008656,18.6651724137931,682.5031034482759,0.7868123329684978,24.7447,188.77034482758623,22.33909632034632,0.7618944000894116,69.95689655172414,379.6106896551724,0.1993667050608729,24.30029761904762,24.19908008658009,406.572268907563,32.30590355284168,0.9545717556651144,24.81446158008658,2.9298,137.59676334941244,14.25,高危险
2007/7/31,16.3088,-1.428515136,944.4021505376344,26.643,1006.3929999999998,0.9996099111700488,39.0823,267.707,24.55524193548388,1.3176103814260414,105.923,546.0930000000001,0.6500013667003601,26.625514258999527,26.502822580645155,404.872821041774,33.790533990718004,1.335538106366782,28.78847592332865,3.6019,143.35638776720066,20.67,很高危险
2007/8/31,18.1028,-1.401424903,945.3326905095838,25.18,1010.732,0.2566794041131744,42.6468,278.3380000000001,25.5802360916316,1.3792300941946185,106.019,543.5580000000001,-0.087280373,26.766000467508185,26.70219144460028,410.112285456188,33.078519707193635,1.2870443731082672,27.78363136979897,25.44,149.04815997895926,21.93,很高危险
2007/9/30,7.4972,-0.929643519,951.1825,20.154,797.11,0.2153002741493832,23.0167,116.52399999999996,23.864166666666662,0.9615305953924098,82.77700000000002,440.372,-0.809873025,23.79666666666667,23.78291666666666,405.749075630252,29.220064538074062,0.8176468189299821,24.28875,7.822,154.14830997895928,13.52,高危险
2007/10/31,5.0425,-0.092141185,957.5047919588592,13.678000000000004,540.1529999999999,1.0399738060745338,20.221,-157.7985,21.91680107526882,0.1582867787906612,57.71800000000001,308.46900000000005,-1.256363827,20.48301776531089,20.522656615240763,402.150924369748,24.540904255627705,0.0881723263422304,18.132678821879388,6.292,158.2400904838681,11.17,高危险
2007/11/30,2.7557,0.1916080441977402,960.4558152173912,13.161,572.039,-0.187680918,18.2516,-157.7985,18.022958937198062,0.1234698549130266,66.53800000000001,340.121,-0.86174389,15.16350845410628,15.245350241545896,413.032458172458,17.350068082788802,-0.411439547,13.03817028985507,4.953,161.5162459186507,8.43,中危险
2007/12/31,0.6043,1.3557578404928683,959.5314048620852,5.093000000000001,200.631,-0.446383347,10.5121,-157.7985,14.317531556802244,-1.29726922,23.063,112.525,-1.524216217,10.955458158017768,11.072165731650308,373.807692307692,7.438525258303045,-1.296935685,7.371289153810193,3.066,163.44335952313878,3.36,低危险
2008/1/31,2.1097,1.1382743770524486,958.23262817516,6.420666666666667,265.8663333333334,0.5803230541588426,16.1271,-157.7985,13.05802360916316,-1.047773629,28.324,148.169,-0.822467789,10.97622720897616,11.0239247311828,395.888660714286,11.54780406191454,-1.069696629,8.8288920056101,1.681,165.43459093968858,7.23,中危险
2008/2/29,1.9173,0.9207909136120288,956.9338514882344,7.748333333333334,331.10166666666674,-0.146356568,14.8493,-157.7985,11.798515661524076,-0.798278038,33.58500000000001,183.813,-0.12071936,10.996996259934551,10.97568373071529,393.135106382979,13.573490170440978,-0.842457574,10.286494857410007,4.894,167.98994016830008,6.77,中危险
2008/3/31,7.654,0.703307450171609,955.6350748013092,9.076,396.3370000000001,-0.241525764,26.7712,-157.7985,10.539007713884994,-0.548782447,38.84600000000001,219.457,0.5810290682206178,11.017765310892942,10.92744273024778,413.275670840787,20.612836463576638,-0.615218518,11.744097709209914,5.118,172.18853719369903,14.16,高危险
2008/4/30,6.0542,-0.224326894,953.8151207729468,15.788,686.24,0.1869036290204277,26.2437,151.695,14.378381642512071,0.3817721268146524,68.41900000000001,372.243,1.2827774966274903,16.574039855072463,16.352312801932367,409.466248880931,26.121265974973507,0.1343343242695555,17.200718599033817,5.334,177.5609835359943,12.86,高危险
2008/5/31,8.8899,-0.838482492,948.325899953249,20.523,776.445,-0.745480291,24.3724,111.6558,18.778623188405795,0.8799401626027499,81.04300000000002,449.26,1.0162614132791712,21.152337540906963,21.026864188873304,398.007643884892,30.852067116883376,0.7286439085888183,22.95549322113137,5.465,183.77143715224693,14.65,高危险
2008/6/30,12.4662,-1.117132182,945.4598212560384,21.96,755.1709999999999,-0.765760149,38.5961,191.061,21.78775000000001,1.1249734397246869,84.80300000000001,462.889,0.4839529953029263,23.80901328502416,23.68805555555555,398.590510295434,32.32947052366849,1.012888553437589,25.20462922705314,6.63,189.07815257478376,18.69,高危险
2008/7/31,16.3371,-1.355457871,944.5176075268818,26.081,844.3140000000003,-0.337423005,42.4121,310.44700000000006,23.84368279569892,1.3268141182871094,95.85599999999998,535.8660000000001,0.400107566955803,25.632258064516133,25.54408602150537,407.356836461126,33.173697464055095,1.2482939787899507,27.266801075268823,11.4,194.70942876605284,21.11,很高危险
2008/8/31,15.4756,-1.130731484,946.4596774193548,21.963,710.1439999999999,-0.55904956,37.7113,248.197,25.02701612903225,1.0628035740116784,80.37099999999998,444.32,-0.244644182,26.02217741935484,25.98790322580645,399.395108695652,32.332012917349054,1.1081372200144497,26.246370967741942,7.155,200.14605334677813,20.1,很高危险
2008/9/30,5.2544,-0.923104298,950.9061050724638,20.071,698.597,-0.127604895,20.6475,246.422,24.44986714975845,0.905568804928036,80.235,432.02900000000005,-0.391594061,24.58382246376812,24.57976449275363,396.467412712623,30.588887337565232,0.882383458147749,24.86725241545894,7.06,205.33569030329988,11.42,高危险
2008/10/31,2.7019,-0.29723386,956.7404569892474,14.952000000000002,552.491,-0.331883013,17.6966,161.262,22.063037634408595,0.3802635132349081,63.615,336.742,-1.063524042,20.666666666666668,20.73077956989247,404.713016157989,22.700324016949267,0.2652364329729764,19.46706989247312,2.578,209.67223062588053,8.28,中危险
2008/11/30,5.0091,0.6293106615877327,960.734732574189,10.968000000000002,482.294,2.161898342033374,23.4271,89.325,18.129340924775708,-0.480305715,52.683,201.583,-1.44146576,15.196394927536232,15.381312974465152,394.980665467626,21.184060348487403,-0.572058296,12.585515010351967,3.544,212.7263590420296,11.57,高危险
2008/12/31,0.4448,1.0034860037643034,960.9974287050024,8.588,494.396,-0.653940142,8.5439,62.221,14.42383122954652,-0.707369632,57.84100000000001,87.169,-0.78502333,10.997568957456757,11.205125058438522,413.289355992844,9.058807538419888,-1.026981123,8.427623889668068,2.055,215.02663709252047,2.58,低危险
2009/1/31,1.3625,1.3557578404928683,962.7709889923076,7.989,367.445,-0.333873305,15.8881,62.249,10.992764248374344,-1.291720328,41.723,208.439,-0.930657553,7.497509987674784,7.710534340600959,412.802513464991,6.992886825148665,-1.566734595,5.073349908623402,3.435,216.33080141102104,5.87,中危险
2009/2/28,1.0092,1.1028707490657883,953.8959821428572,6.542,294.071,-0.08722525,12.0501,63.71,11.87514880952381,-1.060954373,29.077000000000005,160.50799999999998,1.1485555597577657,10.971875,11.028125,399.248389982111,11.645086325746956,-0.895364842,10.047321428571426,5.355,218.8130156967353,4.66,低危险
2009/3/31,8.9227,0.6573039744248887,954.6665264142124,12.098000000000004,528.1579999999999,-0.196258142,22.5914,142.009,11.88557152875175,-0.54209932,50.545,302.987,0.5379804210399108,11.704055633473583,11.69077255726975,400.042128801431,20.894060016368602,-0.5796497,12.430101683029456,9.344,223.22419806298564,14.4,高危险
2009/4/30,10.779,0.1254609480961811,952.2461105810733,13.391379310344828,566.0503448275862,-0.707073281,24.7785,151.03758620689658,15.226901549225389,-0.080916158,51.78620689655172,302.04517241379307,0.9338534342277371,15.938862159829174,15.900537344963878,419.766696508505,25.785541671466955,-0.033342034,16.738319249466176,4.15,228.5307451372422,15.84,高危险
2009/5/31,6.8669,-0.342380413,950.7445126227208,17.719000000000005,709.375,-0.631773449,23.6845,199.085,18.484537166900417,0.262783185314236,65.708,370.0534200000001,0.8283415244976629,19.88474170172978,19.802051192145868,386.220125223614,28.83644703649541,0.4515058794318686,21.171885226741463,17.03,234.52600723744524,13.16,高危险
2009/6/30,18.809,-1.124259345,944.0938345410628,23.460999999999995,928.045,-0.65976974,42.5647,279.325,21.29588768115942,1.0621412558547187,88.33100000000002,461.11,1.1459517041042313,23.955108695652168,23.80329710144928,383.454032258065,32.39316301612261,1.1213589096494023,26.39890700483092,12.19,239.97409783913787,22.22,很高危险
2009/7/31,15.464,-1.232750254,944.4211123824052,22.76,877.4469999999998,-0.374302533,40.6041,267.84,24.06567453115547,1.1236786783945958,87.884,512.2595,0.1782997969465705,25.87133176832636,25.822014058760097,360.461131059246,33.141124109947164,1.2275632732498782,27.92093137641705,8.49,245.56801145894843,20.47,很高危险
2009/8/31,17.0943,-1.448291325,947.082930107527,26.69299999999999,1068.71,0.2286769047778513,38.8972,332.17600000000004,25.30040322580646,1.3652000610065602,108.844,589.502,0.217943014740556,26.89018817204302,26.857123655913973,375.77486535009,33.705008630671294,1.3568594601441502,28.27916666666667,4.477,251.3396280107678,21,很高危险
2009/9/30,7.2326,-1.181757615,950.6948611111112,21.909,887.1320000000002,0.1281489011086605,23.1174,260.25100000000003,24.82625,1.1782399510608417,93.87400000000002,488.9029999999999,-0.516876723,25.09777777777777,25.125972222222224,386.344198895028,30.877896135067914,1.0581296571941057,25.55513888888889,4.319,256.7722030107678,13.35,高危险
2009/10/31,3.514,-0.341066478,955.474193548387,13.113,552.372,-0.753910795,17.831,139.67800000000005,22.21854838709677,0.3853580995879501,57.28099999999999,307.904,-1.218880061,20.748118279569898,20.86384408602151,348.208820882088,23.91473399760899,0.3504891267786039,19.62137096774193,2.454,261.226590107542,9.3,中危险
2009/11/30,3.3945,0.9997551754444568,960.5167210144926,8.921999999999999,405.73800000000006,-0.778461927,19.6089,72.93699999999997,17.08807367149758,-0.845533196,41.33300000000001,223.57100000000003,-2.169188276,13.757554347826083,14.010368357487923,343.975344986201,14.364553542618797,-0.910697523,10.212125603864736,2.05,263.8126096727594,9.4,中危险
2009/12/31,0.638,1.3557578404928683,961.2717741935484,6.692,316.605,-0.760917593,11.9122,41.86799999999999,13.811155913978498,-1.264548071,35.30200000000001,174.73200000000003,-0.679087544,10.297177419354838,10.525134408602153,342.993513513514,7.516156955632579,-1.303913693,7.088172043010752,2.62,265.73007741469485,3.61,低危险
2010/1/31,0.5665,1.3557578404928683,960.2873655913976,6.398000000000002,265.428,-0.563232619,10.4273,48.261,11.42701612903226,-1.327229978,28.747,157.55,-0.048798045,8.985887096774196,9.158602150537636,347.535213830755,7.256302063701462,-1.329991811,7.009811827956988,2.962,267.3614967695336,3.22,低危险
2010/2/28,1.4015,1.269516675650497,955.3010416666668,7.694000000000002,311.797,-0.317326398,16.1055,84.765,10.929761904761904,-1.109428605,33.049000000000014,203.702,0.2980190828132784,9.458630952380952,9.540029761904762,342.563414634146,10.522854587597699,-1.154052024,8.346279761904762,3.472,269.48612176953355,5.97,中危险
2010/3/31,3.1172,0.915602948916892,955.175134408602,9.274,371.36599999999993,0.0228835025981709,18.3472,104.8665,12.29543010752688,-0.795324898,37.00100000000001,242.16600000000005,0.5754126911231269,11.56612903225806,11.60981182795699,369.712556869882,17.507918682978346,-0.816532916,10.845698924731185,3.706,273.7549105951251,8.9,中危险
2010/4/30,8.7041,0.4863968693604319,954.1555555555556,11.757000000000003,425.2270000000001,-0.436611505,26.6853,138.202,13.846805555555552,-0.461770168,38.23,266.513,0.8397649137678876,14.159444444444444,14.12930555555556,367.63097826087,23.751304297570627,-0.32503098,14.99222222222222,12.12,278.84480472476514,14.87,高危险
2010/5/31,2.7647,-0.250974992,948.2850806451612,13.796,468.8929999999999,-0.108853221,17.7692,150.04600000000002,17.341129032258063,0.1787331105037055,47.19899999999999,285.917,1.2301671717485068,19.01895161290323,18.92325268817204,360.266153846154,26.2886276829206,0.393876814716224,20.50537634408602,19.68,284.94859817984093,8.38,中危险
2010/6/30,10.684,-0.807580483,946.6840277777776,19.283999999999995,617.6710000000002,-0.30128715,26.0272,218.628,21.18541666666665,0.7638286986433444,69.975,399.65,0.8357876967741051,22.725,22.651666666666667,356.216516245487,31.882025480664478,0.883062057404926,24.29555555555556,9.646,290.0576286689395,15.98,高危险
2010/7/31,10.1251,-1.448481842,946.0331989247308,25.694,871.9379999999998,-0.186320135,26.999,303.875,24.29811827956989,1.3543047080139166,98.491,541.0219999999999,0.8782981470597161,26.922043010752688,26.782526881720425,359.286991869919,34.90598975322332,1.397009260922246,30.200403225806447,9.473,295.87605218185763,15.8,高危险
2010/8/31,17.3594,-1.298499188,947.5005376344088,26.146,919.923,-0.004968014,39.9624,323.331,25.159005376344087,1.2842247214809908,104.349,568.633,-0.252937145,26.40833333333333,26.331989247311828,356.015384615385,33.00669378423161,1.2520219245465902,28.04086021505377,11.55,301.492846289332,21.26,很高危险
2010/9/30,2.2882,-0.945631946,950.1275,17.794000000000004,641.483,-0.6789041,16.0759,204.71400000000003,24.671666666666667,0.8743290996736665,71.27,383.8140000000001,-0.569200513,25.078194444444453,25.06708333333334,351.321538461538,27.412818160386305,0.9228139772744106,25.633611111111108,3.855,306.738371289332,7.5,中危险
2010/10/31,7.3326,-0.028709034,957.7649193548384,16.175,575.6579999999999,0.0526207629995937,23.6771,166.30300000000005,21.1385752688172,0.1101663674419823,67.826,380.736,-1.543856048,19.482795698924733,19.5872311827957,364.551351351351,22.37888681679576,0.0258778124667644,18.16989247311828,3.561,310.7440406441707,13.5,高危险
2010/11/30,2.2381,0.5385620372830918,959.4265277777776,11.326,466.922,0.8322287165834023,18.9533,100.027,17.323611111111113,-0.366229019,54.156,289.2989999999999,-0.878844534,14.961666666666666,15.10402777777778,427.20479875000007,16.42843169731541,-0.483695035,13.81625,1.641,313.92031564417067,7.77,中危险
2010/12/31,1.4499,1.2588698230348634,958.1868279569894,9.149,440.929,-0.037346839,15.4215,67.82199999999999,13.649193548387096,-1.000873803,45.87,218.59300000000005,-1.19533125,10.208467741935484,10.423252688172044,427.20479875000007,9.505859071419708,-1.177618592,8.716263440860214,1.842,316.01236403126745,6,中危险
2011/1/31,0.7777,1.3557578404928683,964.0147849462364,5.973000000000001,278.178,-0.495862367,12.7708,31.022,9.413172043010752,-1.965263867,49.15900000000001,138.684,-1.674669529,4.974596774193547,5.257661290322581,427.20479875000007,1.7349735567368503,-2.150752451,2.531720430107527,2.823,316.50922693442743,4.13,低危险
2011/2/28,2.0442,1.159142566413336,955.7745535714286,8.181999999999999,364.5090000000002,-0.331577182,17.2448,81.459,9.58794642857143,-0.975212316,34.281,188.3,1.8366770959529777,8.815625,8.826488095238096,426.612866838278,12.378700092679672,-1.078557997,9.450744047619049,2.932,318.7382090772846,7.26,中危险
2011/3/31,4.7523,1.1697041551161196,959.7183156955246,10.15,412.745,-0.665898807,22.9277,101.873,11.086810425432445,-0.982160823,38.641,226.312,0.0672914526950509,10.104581580177651,10.146537783161206,427.20479875000007,20.506974475247336,-1.037015011,10.551913595987928,4.503,322.90610793035273,11.26,高危险
2011/4/30,7.5769,-0.001025269,953.4586652046786,13.383,527.336,-0.483886694,25.4332,163.76700000000002,13.582188544277358,0.0914504011022178,47.539,290.63300000000004,1.8166222217225347,15.389162280701754,15.229672514619882,427.20479875000007,25.685733907260353,0.0234976568149836,17.9644649122807,6.039,328.68341677241096,13.92,高危险
2011/5/31,5.743,-0.601103234,949.9785326086956,23.00310714285714,895.467107142857,-0.030112052,24.8461,286.8917142857143,13.593098210230533,0.6810816006094041,88.48174999999999,499.3336071428571,0.8350635487371316,19.989241786531547,19.83493890977444,427.20479875000007,30.12773727079273,0.5122610896850369,22.625789614939123,29.63,335.1622346642052,12.41,高危险
2011/6/30,17.9417,-0.745372624,944.9554113142294,18.255,643.785,-0.765161799,38.9719,210.2225,13.604007876183708,0.6441593320121405,62.7525,349.965,0.6147582233823031,22.964917929292927,22.79572312801932,418.281862112711,30.9608712390838,0.8726986215090909,25.87235575867369,6.674,340.24603390627334,21.38,很高危险
2011/7/31,16.2451,-1.57765019,944.6861956521736,29.94496666666665,1188.8830666666663,-0.692552141,37.0331,379.64976666666666,13.614917542136885,1.6050173947534905,113.08903333333332,628.6572666666667,0.8581210948141912,26.99111549707602,26.82609731756929,427.20479875000007,34.07452506292873,1.3748928707767172,29.818664505466568,9.891,346.02284554133934,20.37,很高危险
2011/8/31,15.2557,-1.481221231,947.152222222222,27.26399999999998,1131.707,-0.740751184,40.407,332.251,13.625827208090058,1.5022702150884355,106.15799999999996,578.1160000000001,-0.153581559,26.7925,27.08111111111112,427.20479875000007,33.406145970680505,1.287779283446479,29.46263888888889,6.112,351.6778761527257,20.35,很高危险
2011/9/30,3.2924,-0.855124527,951.1029904244306,17.32655172413793,712.8589655172415,-0.593607231,16.7875,187.48448275862063,13.636736874043232,0.8722869206929483,65.54379310344828,358.03551724137947,-0.901675495,24.274152432712217,24.339684265010355,427.20479875000007,27.671405305566623,0.7649076033944474,24.35341744306418,3.807,356.7051235129741,8.9,中危险
2011/10/31,5.0524,-0.118163738,953.5613566468252,14.281367816091953,895.2919770114944,-0.307785255,20.1748,137.8619885057471,13.647646539996408,0.2076294604619656,55.885195402298855,327.23567816091963,-0.864184999,19.10129914401478,19.277504174180194,421.590048877449,24.19155509804039,0.0319326015962981,18.654876861684365,1.997,360.7191625432286,11.17,高危险
2011/11/30,3.4116,0.6187970513285789,956.01972286922,11.236183908045977,1077.7249885057474,0.0228835025981709,20.0731,88.23949425287354,13.658556205949582,-0.457028,46.22659770114943,296.43583908045974,-0.826694503,13.928445855317348,14.21532408335003,412.157838478022,15.840657592560493,-0.7010424,12.956336280304548,1.64,363.59499324348906,9.47,中危险
2011/12/31,1.6559,1.3557578404928683,958.4780890916148,8.191000000000003,1260.1580000000004,-0.511823453,15.1157,38.617,13.669465871902757,-1.12168546,36.568,265.6359999999999,-0.789204007,8.755592566619912,9.153143992519867,421.523984635528,7.781058840368954,-1.434017402,7.257795698924729,3.798,365.33261561375554,6.35,中危险
2012/1/31,1.9613,1.3557578404928683,960.9364553140095,3.79,185.155,-0.165108242,17.1997,-115.417,9.343031400966186,-1.944178712,23.317000000000004,103.811,-0.751713511,5.096358695652174,5.393822463768117,419.304503403539,5.68465316472497,-1.869537554,4.711666666666668,4.924,366.2182083852269,7.12,中危险
2012/2/29,2.7735,1.3557578404928683,957.9113244514108,3.124,170.75400000000005,-0.377776807,17.2551,16.082916666666666,8.137225705329156,-1.910522667,16.325999999999997,90.713,0.1953849143470598,5.3420846394984345,5.550352664576803,409.187388770343,10.06690043922861,-1.753381261,5.358542319749217,2.57,367.51436669243697,8.32,中危险
2012/3/31,2.8204,1.2106957007316843,955.5970503421312,6.434,320.482,-0.115753837,19.4925,-16.97904321,9.339261460101868,-1.065625338,26.509000000000007,187.985,1.3256996571271464,9.321742038380409,9.28404396254566,391.605924446204,16.28060579518477,-0.97882664,10.604072773576172,2.171,371.99106034859295,8.66,中危险
2012/4/30,3.9529,-0.142554727,949.93388216606,16.003999999999998,608.45,0.0159665702931834,21.6856,-50.04100308,14.948310666095526,0.2093526905930254,56.977,365.3879999999999,1.9583105532142773,17.616746983651034,17.447404868994077,412.705941118251,26.025911613485114,0.1642182258729375,19.463263903762407,9.171,378.1952062434759,10.29,高危险
2012/5/31,3.8655,-0.355614456,948.333046984572,14.265,515.01,-0.765161799,20.3206,-83.10296296,19.329207573632537,0.2873216448516796,53.05400000000001,304.155,0.5823318694533932,21.48883824216924,21.37032491818607,410.991121690927,28.540550627699414,0.5057676936937189,22.716053062178588,11.66,384.9029397787719,10.02,高危险
2012/6/30,12.8492,-0.844895556,943.481130952381,17.214,605.2620000000001,0.0526207629995937,30.6907,263.5554545454546,21.6956746031746,0.7587107330790038,68.946,369.143,0.7702068983186282,24.06748015873016,23.925357142857145,415.96679978596,32.147841898083556,0.9567527020505427,25.89154761904761,4.661,390.0906888199751,17.84,高危险
2012/7/31,9.2981,-1.044136296,944.7611971966206,21.3885,720.6279999999999,0.4692333548292283,27.8152,278.4752272727273,23.61625128008193,0.9653011737739424,85.23349999999998,449.9915,0.1547954612124188,25.59570244495648,25.47874039938556,427.20479875000007,33.059810475592926,1.108526558234931,27.16445660522273,13.22,395.486872,15.41,高危险
2012/8/31,9.505,-1.243377036,946.0412634408602,25.56299999999999,835.9939999999998,-0.217029543,25.6701,293.395,25.53682795698925,1.1718916144688811,101.52099999999996,530.84,-0.460615976,27.12392473118279,27.032123655913978,427.20479875000007,33.48896900068957,1.2603004144193195,28.437365591397853,10.79,401.0914153468192,15.23,高危险
2012/9/30,7.7041,-0.566200322,952.9411111111114,17.796999999999997,581.36,-0.457933693,23.0264,187.0030434782608,24.21855072463768,0.5534210855305589,68.19299999999998,371.7809999999999,-1.076027413,23.80884661835749,23.90423309178744,421.585512963542,27.943642349810013,0.6358702865078485,23.817089371980675,5.056,405.9402914337757,13.67,高危险
2012/10/31,6.2323,0.1087457468962872,956.308870967742,11.142,373.7989999999999,0.0358025471110949,23.8705,98.69056666666664,20.808333333333334,-0.106193821,46.713999999999984,241.773,-0.980931459,19.292473118279567,19.4622311827957,423.64952656256,22.542175173923077,0.0668327095115533,19.088306451612898,1.888,410.0025736918402,12.69,高危险
2012/11/30,2.3189,0.7322517936945778,956.875972222222,7.3820000000000014,238.72,-0.374302533,17.3788,82.65137777777775,16.938472222222224,-0.869390842,31.799,155.433,-1.56525049,13.57027777777778,13.88125,424.987082320067,13.738613869406255,-0.842565529,12.58888888888889,3.102,412.6827736918402,7.7,中危险
2012/12/31,1.5946,1.3557578404928683,959.9068965805116,6.244000000000001,265.885,-0.371376652,16.0159,66.61218888888888,12.33523425499232,-1.632587862,25.728,134.647,-1.183808562,8.046356775529286,8.421416048887998,424.065029810298,7.095119294001046,-1.529777222,7.0409002871835975,3.83,414.2880250442746,6.34,中危险
2013/1/31,2.5479,1.3557578404928683,960.548252688172,7.468000000000001,295.24200000000013,0.1959750240661884,18.0062,50.57299999999999,9.26048387096774,-1.354081643,32.74,170.864,0.1144154053812669,6.755376344086022,6.918145161290322,427.20479875000007,10.561992122168583,-1.46078495,6.891129032258066,6.248,415.73864601201655,8.11,中危险
2013/2/28,0.5051,1.3557578404928683,957.809323240166,7.180999999999999,239.647,-0.765161799,11.4939,64.238,10.63060947204969,-1.49431767,22.726,143.023,0.3128971376076115,9.13496376811594,9.271661490683227,427.20479875000007,7.781537367386614,-1.276178828,9.412972308488614,1.519,417.6944523008364,3.11,低危险
2013/3/31,8.8391,0.45314568865754,954.2751519401586,12.696,479.026,-0.810678097,23.5857,146.91700000000006,13.57695922104232,-0.332441996,47.226,303.52900000000005,1.5161967421106448,13.394781439925197,13.43614311315924,423.628968629344,22.118596909131174,-0.390661342,13.977677736592533,2.869,423.2502208261697,14.5,高危险
2013/4/30,10.3716,0.2604569976200476,951.65125,14.838,545.8439999999999,-0.740751184,23.4371,164.15399999999997,16.523308970034954,-0.221431795,50.808,311.19,0.4110875651420093,17.654599111734456,17.60062473563525,413.254602888087,24.97938064732916,-0.148860165,18.542383164696453,5.841,429.2968084085634,15.39,高危险
2013/5/31,7.9293,-0.491234795,948.0514551192144,21.197,693.364,-0.745480291,26.3223,231.145,19.469658719027585,0.4757828039003474,70.979,408.344,1.23077581880841,21.914416783543714,21.76510635811126,412.128558465128,29.80820563623739,0.5704021612743636,23.107088592800373,4.54,436.37251474047486,14.3,高危险
2013/6/30,11.8303,-1.115059612,945.2487983091788,26.682,855.879,-0.773711102,41.1665,308.353,23.05463164251208,1.0652119704444658,92.503,519.2079999999999,0.905733467411898,26.173109903381643,25.96016908212561,425.198310985044,32.850139745828805,1.1003301959359555,27.694957729468605,6.83,441.7443604345599,18.64,高危险
2013/7/31,20.5232,-1.667417463,944.8318548387098,32.614,1153.965,0.0354314904118951,40.7696,385.157,25.75261804581579,1.6550227375161048,115.72,640.0330000000001,0.6238300269412281,28.59437237026648,28.415351799906507,424.583500643501,34.39733764512745,1.466051972995282,30.01339410939692,4.36,447.6201422888004,22.68,很高危险
2013/8/31,10.3267,-1.494722121,945.466935483871,25.317,904.822,-0.086788492,29.0947,250.858,26.099731182795704,1.469193515110723,88.15,489.2009999999999,-0.19109526,27.9619623655914,27.8744623655914,424.311139762764,34.18979529654176,1.357086987349955,28.54543010752688,3.8,453.3435138786069,16.22,高危险
2013/9/30,2.0105,-0.655753964,951.8695833333333,18.372,644.5859999999998,-0.720157783,16.6566,198.5240000000001,24.23375,0.6391335133926167,64.15200000000002,374.552,-1.210239554,23.80125,23.89625,420.682364266461,25.728104656872805,0.6544794754074639,23.62805555555555,3.88,458.2181138786069,7.14,中危险
2013/10/31,4.7977,-0.179545667,957.819758064516,15.641000000000007,561.6530000000001,-0.60724578,23.9408,144.849,21.296370967741936,0.3205072099388379,62.336,346.3429999999999,-0.891369111,19.975268817204302,20.1342741935484,422.020336587873,25.26664105932718,0.1376111726094709,19.059139784946243,1.45,462.3782348463489,11.43,高危险
2013/11/30,4.6692,0.515083294978506,959.4733997584542,11.451000000000002,380.214,-0.492107428,23.936,89.74699999999999,18.235646135265704,-0.386517642,42.731,244.63700000000003,-0.979454585,16.011497584541065,16.226437198067632,423.804723294723,20.83737893428717,-0.430566138,15.031624396135266,1.41,465.6279511506967,11.31,高危险
2013/12/31,2.0423,1.1392492634971834,961.5825677886866,9.7829,355.433,-0.536706467,14.1108,59.075,14.203184899485736,-0.744850552,45.394,236.00799999999995,-1.341396355,10.48405797101449,10.812213651238896,427.20479875000007,9.677531086995714,-1.209571325,8.46677185600748,3.07,467.6758305335859,6.87,中危险
2014/1/31,0.4677,0.9831693782392824,960.4260577372604,10.124000000000002,378.605,-0.633900084,11.2795,75.41,11.63914796633941,-0.599424931,48.2,253.16299999999995,0.2439182105912739,9.31968793828892,9.49972533894343,427.20479875000007,9.065130994055634,-1.065144817,8.565164796633939,3.86,469.673354025872,2.94,低危险
2014/2/28,1.5675,1.3557578404928683,957.9005952380952,6.707999999999999,213.948,-0.40187878,14.8028,38.73100000000001,10.688988095238097,-1.622317259,31.625,135.888,-0.864500814,7.884970238095236,8.137946428571428,424.589118705036,7.704789867666489,-1.566362574,7.066815476190476,4.32,471.22803259730057,6.15,中危险
2014/3/31,11.5669,0.8212186428837792,955.9858520336606,10.503000000000002,337.917,0.7112302626653434,31.1065,104.641,11.893811360448806,-0.735413615,33.789,218.062,1.6017610355656786,12.56574918186068,12.484671575502569,423.968175388968,21.381550441542956,-0.631004645,13.554406264609632,2.68,476.7749425849753,17.21,高危险
2014/4/30,5.6393,0.108765879661077,952.5979468599032,12.17,372.157,-0.609064534,24.1494,129.302,16.461201690821255,-0.106507752,41.577,250.492,1.119366103297009,17.865012077294683,17.762898550724636,427.135534105534,26.447386441626485,0.0233625080844699,18.81958937198068,9.83,483.387463695354,12.23,高危险
2014/5/31,6.904,-0.274245476,949.0271505376342,16.889,485.197,-0.688666461,21.46,180.886,18.31801075268817,0.2491157457308729,56.031,323.118,0.6385478156874543,19.77513440860215,19.634139784946235,427.20479875000007,28.420247063681913,0.3976572667511278,21.89005376344086,7.54,490.5610365759391,12.86,高危险
2014/6/30,19.1522,-0.71301983,945.0269444444444,16.195999999999998,435.785,-0.600988983,43.3335,161.411,21.80625,0.5758911455073387,52.586,293.733,0.7835630617434138,23.87263888888889,23.799166666666668,426.400583354939,30.726204521760483,0.8564221220237841,25.49055555555556,8.9,495.5784520489777,22.46,很高危险
2014/7/31,17.4773,-0.866455791,946.4070067049807,19.48889655172414,528.3831551724138,-0.665898807,41.7937,201.57022413793104,23.63709863818091,0.7580918791234562,68.26058620689655,367.5838275862069,0.3945216894956092,25.35661554639347,25.295076211894056,420.942066372829,31.34368900932262,0.9647496326445686,26.60128414959188,5.32,500.7438905592792,21.55,很高危险
2014/8/31,19.197,-1.019891752,947.7870689655172,22.78179310344828,620.9813103448276,-0.633900084,40.5746,241.7294482758621,25.467947276361816,0.9402926127395738,83.9351724137931,441.4346551724138,0.0054803172478046,26.84059220389805,26.79098575712144,427.20479875000007,31.751702393413954,1.0730771432653532,27.71201274362819,3.64,506.0572786625339,22.12,很高危险
2014/9/30,6.075,-0.827491824,950.5766788605698,21.162413793103447,743.6379310344828,-0.586286261,24.4611,221.6193103448276,25.02205897051474,0.7668381474171271,79.78344827586203,415.3862068965517,-0.383561055,25.483003498250884,25.51950024987506,427.20479875000007,29.273780245353347,0.8520025365951285,25.80531859070464,3.59,511.2049193671816,12.64,高危险
2014/10/31,2.6513,-0.392324284,956.3785254207576,18.452,777.3309999999999,-0.746410126,16.8599,174.74800000000002,22.58024193548388,0.4755174380162656,79.04799999999997,399.42,-0.82845167,21.66652641421225,21.816789387564285,427.20479875000007,23.333023874561317,0.3717830859760084,21.48948690977092,3,515.6887415971956,8.11,中危险
2014/11/30,2.2654,0.8936650017897463,958.5927124999998,7.782,290.12600000000003,-0.782757417,18.1749,47.86899999999999,17.59944444444444,-0.835073881,26.402,146.141,-1.790898778,14.24125,14.602222222222224,427.20479875000007,15.02363411671056,-0.669053282,13.398333333333335,0.67,518.6087915971956,7.72,中危险
2014/12/31,0.5586,1.278180837614633,963.5578453273364,10.89810344827586,448.5977931034483,-0.760917593,9.8025,77.17289655172415,13.428998000999496,-0.918192161,48.30868965517241,244.2714482758621,-1.064276366,9.306627936031983,9.754987506246875,427.20479875000007,7.393655437448094,-1.286638529,8.263338330834584,2.98,520.550139198395,3.13,低危险
2015/1/31,0.5561,1.3557578404928683,960.973252688172,7.891,299.888,0.1323459928082018,10.1584,49.643999999999984,11.604032258064516,-1.186548777,31.349,164.16700000000003,0.1010752041534816,8.899059139784944,9.21962365591398,427.20479875000007,7.998790672146697,-1.225416807,8.10725806451613,3.21,522.3261150048465,3.16,低危险
2015/2/28,1.7192,1.3137136095122763,958.000148809524,7.841,292.0369999999999,-0.03427247,15.0671,63.441,10.589583333333334,-1.149339801,28.622,161.34099999999995,0.1472305202619553,9.132142857142856,9.244791666666666,419.615206954716,10.958834078441116,-1.137310022,8.816369047619046,1.84,524.4738828619894,6.46,中危险
2015/3/31,9.4707,1.021378926513119,956.5034946236558,9.598,314.9309999999999,0.0963788597928429,23.2169,91.64600000000002,11.68333333333333,-0.976174307,28.161,179.448,0.6541786714475534,11.958736559139783,11.871236559139788,424.142164179105,19.920260700040778,-0.753910428,11.984677419354838,3.45,530.2187745944972,14.83,高危险
2015/4/30,12.0849,-0.053263238,952.7188888888888,19.19,635.87,-0.069297341,31.9809,199.73800000000003,16.00138888888889,0.1106427589051369,66.784,375.498,1.4481739494289363,18.465138888888884,18.222222222222225,420.752084694811,26.745946371602628,0.0919843836054989,18.61263888888889,8.43,537.3006861321792,17.62,高危险
2015/5/31,5.0531,-0.485049971,947.602688172043,18.896,549.85,1.4475356928108387,25.8238,187.612,19.762096774193544,0.4135884972340103,61.46,332.19299999999987,0.8778784910737188,22.792607526881724,22.496908602150533,427.20479875000007,30.81728979666382,0.6056871412273522,23.09784946236559,6.87,545.1462208038623,11.91,高危险
2015/6/30,23.5016,-0.930029581,945.2323611111112,23.095,664.6480000000001,0.4421923198450432,41.2607,237.963,23.07388888888889,0.809627292529497,75.455,399.817,0.6882570840356559,25.85083333333333,25.53180555555556,419.955288587098,31.56926811885806,1.0089371084930134,26.16097222222223,4.383,550.3545313687262,23.86,很高危险
2015/7/31,20.4879,-0.927436896,945.6596774193548,24.793,714.7889999999999,1.3990693669969667,42.163,239.036,24.40954301075269,0.8457708326088466,86.909,440.825,-0.021818872,26.56989247311828,26.33682795698925,417.97183190216,31.405612143173038,0.998574119373261,26.75188172043011,2.93,555.5464693502765,22.85,很高危险
2015/8/31,17.5092,-1.014877575,947.7740591397848,26.222,773.386,1.230172486648546,38.1341,260.362,25.532795698924733,0.952757146022716,94.208,482.71,0.1100602746696199,27.18521505376344,27.011021505376338,415.073668678739,31.90985026218909,1.0650295655608957,27.305913978494623,2.941,560.8282023903732,21.08,很高危险
2015/9/30,2.7499,-0.64069965,951.8571074879228,18.63,516.33,0.6599653990049097,18.1231,182.555,24.71643266908212,0.5505133701955133,60.224,329.90700000000004,-0.557090017,25.322788345410626,25.240541968599032,420.320464025026,27.131224417234275,0.7428758748213178,25.39510869565218,1.714,565.8249947816776,8.4,中危险
2015/10/31,2.4645,-0.225953333,956.9057795698924,18.366,570.9939999999999,0.7868123329684978,17.2438,168.76800000000003,20.828741851072667,0.2753116715989877,69.122,369.54,-0.828890012,20.097002266116046,20.14024482494416,415.430295566503,22.309596428181422,0.2624010939467989,20.051309022907905,0.6826,570.1576157494195,7.9,中危险
2015/11/30,7.0412,0.946571096819032,958.7911111111111,8.446000000000003,225.227,1.1347248513785455,24.0436,63.845,16.941051033063218,-0.953670695,26.716999999999995,151.02399999999997,-1.593552731,14.871216186821464,15.039947681289282,419.298880062508,16.60856956761354,-0.663482949,14.70750935016363,2.03,573.0853657494195,13.34,高危险
2015/12/31,2.7867,1.3557578404928683,962.6575268817204,7.374,200.661,0.7859266415507594,16.0957,46.999,13.053360215053765,-1.554519148,25.45,143.50400000000002,-1.220679874,9.645430107526884,9.939650537634408,415.411820422992,10.540229070785387,-1.372171855,9.363709677419354,10.82,574.9084786526453,8.19,中危险
2016/1/31,1.0765,1.3557578404928683,962.2948275862068,6.706333333333333,193.5102666666667,0.7905518326530129,12.7044,45.98126666666667,11.07758620689655,-1.670478241,21.914933333333327,130.06049999999996,-0.325349302,8.041091954022988,8.339511494252871,410.272524497163,6.547595301226079,-1.559338631,7.657758620689655,1.037,576.2228665836798,4.89,低危险
2016/2/29,2.2998,1.0220427387917836,962.0515617191406,13.273,423.052,1.5200166518228997,16.8466,112.711,10.156796601699147,-0.706945908,51.70200000000001,300.494,0.8432463858220995,9.53850574712644,9.50376686656672,400.997603937314,13.360999344165668,-1.065808768,9.68553223388306,2.435,578.4694722808312,7.61,中危险
2016/3/31,6.8291,0.8298397943164584,956.5677419354838,11.83,389.694,1.0836788369625374,21.4292,103.26200000000006,12.646774193548383,-0.740276463,37.736,237.042,0.7190411397190215,13.14825268817204,13.0747311827957,400.567403314917,20.021588879229547,-0.644627361,13.296505376344088,1.91,584.792434569404,12.8,高危险
2016/4/30,3.4308,0.1181638966011324,949.9341666666668,14.777000000000005,450.07900000000006,1.0912538932319655,19.0704,135.15200000000002,16.028055555555554,-0.176606161,44.77300000000001,269.646,1.2548787997735982,18.380972222222223,18.143472222222226,389.623957652594,24.7531309059794,0.0886747378656826,18.65222222222222,3.176,592.3079683271241,9.37,中危险
2016/5/31,11.6579,-0.22307062,949.371370967742,20.01,591.892,1.4733670064329498,33.4762,185.242,18.89381720430108,0.1577999091521011,66.349,359.92299999999994,0.4885929787360283,20.78467741935484,20.595026881720432,403.531254861291,28.781600307930272,0.3756221319736115,21.01491935483872,2.674,600.2853633118814,17.58,高危险
2016/6/30,9.8506,-0.981816486,946.4895833333336,26.32,761.5929999999997,0.6037103780187713,27.1128,262.3,21.626388888888886,0.8588138704095043,88.93400000000001,475.017,1.112937924643386,24.69125,24.405,402.611742634797,32.77289014685617,1.0262449280176251,24.99402777777778,7.924,605.4945080288817,15.65,高危险
2016/7/31,19.9455,-1.373919027,945.3419354838712,29.33900000000001,851.51,-0.048228745,37.5064,304.95,24.48575268817204,1.2556748613243442,107.202,549.825,0.5723929708420248,26.556048387096773,26.3758064516129,390.997397616765,33.786333115624224,1.3620050754138802,26.743413978494623,15.46,611.1654313178741,21.99,很高危险
2016/8/31,17.0397,-1.235904868,945.5794354838712,27.808,795.627,0.4893997638155711,36.1474,278.231,25.814650537634407,1.123518264839508,101.874,521.222,-0.202518333,27.53682795698924,27.399327956989247,395.198441558442,33.09830709670167,1.2463862506797443,27.649327956989247,3.976,616.673938177822,20.59,很高危险
2016/9/30,6.7944,-1.023979138,950.819861111111,25.309000000000008,718.1759999999998,-0.517670701,22.5428,245.15,25.00847222222222,1.0720831192534066,100.775,502.2209999999999,-0.586972293,25.39930555555556,25.441388888888888,386.03107077085,29.661601117830262,0.9068263989465564,25.325972222222216,4.765,621.8973631778221,12.94,高危险
2016/10/31,7.7298,-0.14406139,954.7967741935483,16.203000000000003,406.666,-0.070846854,24.2856,141.81199999999998,22.21209677419355,0.1455762646680716,56.91799999999998,305.549,-1.230902854,20.584005376344088,20.84596774193548,373.863734357577,23.612037074724952,0.1921826978170151,20.371774193548383,2.293,626.1329196294349,13.87,高危险
2016/11/30,8.3166,0.8445415346205936,959.216111111111,11.217000000000002,319.9130000000001,0.0659051751023691,24.8445,87.96,17.894027777777776,-0.811514361,35.895,214.387,-1.417551615,14.80902777777778,15.17375,382.492360304555,16.905463006789983,-0.631182253,14.535694444444449,1.202,629.1053196294349,14.35,高危险
2016/12/31,1.9221,1.3087615795510712,961.467069892473,9.965,310.908,-0.134014598,16.5078,65.673,13.713709677419356,-1.132694123,37.55200000000001,212.93599999999995,-0.858059043,10.2880376344086,10.654435483870968,382.2612792,10.378635838018209,-1.128647736,10.008333333333333,0.6772,631.2650615649188,6.98,中危险
2017/1/31,0.8087,1.3557578404928683,960.6572580645164,42.84180446428572,194.111,0.0224084944953468,12.4963,53.845,11.670564516129032,-1.2281966,23.061,143.913,-0.167363381,9.3372311827957,9.568413978494624,376.525714285714,8.612798520714707,-1.223789112,9.163440860215054,5.996,633.0432873713704,4.19,低危险
2017/2/28,1.8637,1.3305963618303644,960.297023809524,42.84180446428572,262.947,0.4483114924365306,16.4396,77.063,10.984226190476187,-1.143997211,30.981000000000005,197.36,0.059108128732507,9.133928571428571,9.298958333333331,384.257062600321,11.079540413220833,-1.18701284,9.02514880952381,3.332,635.1223498713704,6.87,中危险
2017/3/31,11.0243,1.1465456551108069,956.3602150537636,42.84180446428572,236.45800000000008,0.0065610800500796,36.9563,80.22399999999999,11.550403225806454,-1.072836937,25.157000000000004,177.47199999999998,0.4915891622255529,11.13534946236559,11.155645161290323,398.921737215242,19.884811617324775,-0.898320195,11.129435483870967,1.07,641.609748457237,17.66,高危险
2017/4/30,8.2152,-0.124836797,951.9705555555556,42.84180446428572,490.291,0.9747705525186248,27.0391,185.331,15.63652777777778,0.1680299954779615,56.871,373.175,1.7850455308377184,17.954027777777778,17.68666666666667,403.927190653213,26.637520936759973,0.1437993292042594,18.170277777777777,5.101,649.726518112227,14.59,高危险
2017/5/31,8.5957,-0.662918128,950.8315860215056,42.84180446428572,679.872,-0.0525982,26.2225,269.362,19.31774193548388,0.7092762715065695,86.267,516.3040000000001,0.8619986685009545,22.368951612903235,21.99381720430108,403.592262474368,30.347549099514918,0.6482522308055264,22.722446236559136,3.321,658.6219465043393,14.73,高危险
2017/6/30,19.9018,-0.592217515,946.2451388888892,42.84180446428572,417.787,-0.052263747,40.5877,151.757,22.39555555555556,0.4543233300970909,50.80599999999998,303.658,0.2057147972058416,24.376388888888883,24.19,402.885290219984,30.20442753624143,0.7704255892761036,24.55277777777777,0.829,663.4493124606312,22.41,很高危险
2017/7/31,23.9074,-1.356541879,946.3742703533028,42.84180446428572,948.145,0.7112302626653434,36.4539,364.7190000000001,24.46885560675884,1.2886251374162918,116.781,631.4409999999999,0.9623232052638974,27.555011520737324,27.160349462365595,399.866380431954,33.487061996028125,1.3333166450908085,27.889957757296457,1.832,669.0522569507842,23.29,很高危险
2017/8/31,17.8534,-1.267738901,945.9740065451144,42.84180446428572,712.6779999999999,0.3546881517868019,41.8423,317.1980000000001,26.07903225806452,1.1502441914402897,101.991,552.026,-0.075161927,27.852512856474988,27.689422627395984,398.57171770272,33.15863868135392,1.2918817993534126,27.936342917251054,6.547,674.5949632451104,21.72,很高危险
2017/9/30,8.6062,-0.815622636,950.5855555555556,42.84180446428572,707.4290000000001,0.4997653305522763,24.9384,199.542,25.13986111111112,0.6956694103977528,63.24,361.705,-0.676720627,25.66125,25.66263888888889,398.226228410765,30.036530967993638,0.9000443380043092,25.659444444444443,17.82,679.8090132451105,14.56,高危险
2017/10/31,1.8239,0.1334825432267444,957.5627688172044,42.84180446428572,461.887,0.1582624567407825,16.799,122.75,21.826478494623657,-0.1729783,46.99,271.624,-1.555004474,19.678763440860216,19.981989247311827,364.004602888087,19.396243473330944,-0.003385687,19.47204301075269,9.211,683.7742309870459,6.84,中危险
2017/11/30,3.991,0.7845603194589607,958.68223218599,42.84180446428572,333.7510000000001,0.5004862888219486,17.5859,81.235,17.755555555555553,-0.683421372,36.125,201.837,-1.089559478,14.48766304347826,14.921400966183572,361.810980036298,16.391533913430266,-0.635698123,14.184154589371982,11.05,686.7403885957416,9.78,中危险
2017/12/31,0.904,1.1251231268910613,962.707877688172,42.84180446428572,339.813,0.0636621765518468,11.2673,78.39899999999999,13.441263440860212,-0.825942858,40.16099999999999,227.23300000000003,-0.840991799,9.975940860215056,10.315188172043012,372.013628158845,9.200604326885538,-1.123222087,9.766397849462363,9.778,688.9076305312254,4.31,低危险
2018/1/31,2.4757,1.3557578404928683,959.2620500233757,6.497999999999999,202.515,0.715975300073896,17.097,45.616,10.655680224403923,-1.887620587,19.658,129.506,-1.026467595,6.861588359046284,7.238645395044413,362.890540540541,8.551139634482611,-1.718784061,6.651344086021507,5.22,690.0016133502997,7.9,中危险
2018/2/28,2.1978,1.2039234924400124,959.1605654761904,9.675999999999998,287.15100000000007,0.3036835994260368,16.2268,87.61,9.620386904761906,-0.921674723,30.59699999999999,202.12400000000005,0.9244331388301644,8.732738095238096,8.731398809523808,361.099729241877,11.91686901409719,-1.177963633,8.779017857142858,1.469,692.0931847788712,7.38,中危险
2018/3/31,10.5089,0.530358997482636,954.63064516129,15.346000000000004,426.08,-0.305958104,23.9456,146.904,13.351478494623658,-0.44855675,47.685,314.319,1.330859998490295,14.541801075268818,14.401612903225804,367.505390835579,22.382112774070514,-0.400403159,14.651747311827958,0.9655,699.8667696978368,15.55,高危险
2018/4/30,5.7884,-0.207031811,952.535368357488,19.372,500.731,0.0659051751023691,24.9733,202.708,16.793484299516912,0.2379357762528249,62.89899999999997,389.19100000000014,1.065021023254162,18.82391304347826,18.64638888888889,368.164388489209,26.895533114032006,0.2223084666716993,18.900972222222222,4.05,708.7146060735201,12.47,高危险
2018/5/31,10.366,-0.729498224,948.761360448808,22.349,546.8689999999999,-0.786486017,33.691,235.472,20.797118980832167,0.6230718350971864,70.817,413.74,0.9732507027500028,23.60086489013558,23.371534595605425,371.636216216216,31.24310251502041,0.7915646930006615,23.73242169237961,3.053,718.4521650710568,16.86,高危险
2018/6/30,23.0568,-0.948833923,945.6396316425122,26.289000000000005,646.949,-0.718054431,41.3946,271.771,23.37861111111111,0.8691500543532955,85.645,485.16,0.3230218180570463,25.87542270531401,25.575646135265696,399.28611361587,31.387213081571772,0.9820683522731238,26.131618357487927,1.112,723.5386200473276,23.72,很高危险
2018/7/31,21.3142,-1.47752142,943.8021563814868,33.428000000000004,858.3070000000001,-0.690559233,40.6358,369.667,26.226794062646103,1.414495246393028,108.396,629.78,0.7591410168154358,29.42879850397381,29.10111617578308,405.913477088949,34.11057270426781,1.4266075826512343,29.687663627863486,3.296,729.2364889591033,22.96,很高危险
2018/8/31,12.7357,-1.288569161,944.4467215988778,29.862000000000005,791.0340000000001,-0.80392567,37.863,320.20400000000006,26.74099462365591,1.2194301215648673,98.807,562.6469999999999,-0.282837798,28.460045582047687,28.32660705937354,404.872302158274,33.469272387564644,1.2642033811035034,28.605539971949515,2.434,734.7063624052665,18.74,高危险
2018/9/30,6.5906,-0.779208019,951.6366666666664,21.334,577.143,-0.783913473,23.5458,216.58100000000005,25.10569444444445,0.7155803317154804,64.02899999999998,393.658,-0.814687246,25.04097222222223,25.089583333333337,401.035823582358,28.885893488032288,0.7920015858203691,25.00666666666667,1.919,739.7710624052665,12.93,高危险
2018/10/31,6.5815,0.015039305088363,958.1806451612904,16.376,459.17,-0.784701785,21.4439,141.446,20.909543010752696,0.0865093278422161,53.775,317.97,-1.358132734,19.24435483870968,19.419086021505368,410.037837837838,22.1200849527031,0.003247606535605,19.15349462365591,12.44,743.7454495020407,12.62,高危险
2018/11/30,5.751,0.8166475788643835,958.9379166666666,11.242000000000004,313.936,-0.807303561,21.3801,77.22,17.045972222222225,-0.734667935,41.74400000000001,221.43,-1.095585332,14.187083333333334,14.53777777777778,411.19575045208,21.175052682045923,-0.632574836,13.96111111111111,7.669,746.7159245020407,11.95,高危险
2018/12/31,1.9892,1.3557578404928683,962.249865591398,6.017,157.10400000000004,-0.653940142,17.0608,30.456,12.74018817204301,-1.758622064,24.596000000000004,111.04599999999998,-1.565888488,8.503494623655916,9.000940860215051,404.961978221415,7.5837471440156285,-1.542344702,8.177822580645161,3.456,748.3038035342988,7.15,中危险
2019/1/31,0.8606,1.3557578404928683,962.7263440860216,5.776000000000001,138.597,-0.810165816,11.3614,33.627,8.572983870967741,-1.942800608,20.825,102.572,-0.298187879,5.67768817204301,5.913172043010754,393.132940108893,5.044057035367057,-1.713690191,5.5375,5.327,749.4048277278472,4.2,低危险
2019/2/28,0.4433,1.3557578404928683,958.5798589544512,6.472000000000001,155.595,-0.81442452,9.5655,47.99699999999999,8.877322722567287,-1.859542506,17.01,119.17400000000002,0.1551919403250994,6.838451086956523,7.009368530020703,398.135384615385,4.883586780616587,-1.620945949,6.767895962732919,5.186,750.8840544359217,2.68,低危险
2019/3/31,12.3119,0.7618836027240871,954.929569892473,13.74,390.983,-0.773017439,32.0196,122.448,11.00282258064516,-0.663538206,41.54,270.36299999999994,1.7456959033854893,12.931182795698923,12.658602150537638,411.427692307692,21.679610441839706,-0.601747234,13.189919354838713,2.303,759.0935964558057,17.74,高危险
2019/4/30,8.8406,0.14652190670307,951.062916666667,16.220999999999997,430.856,-0.782213321,25.9236,166.08299999999997,15.967638888888889,-0.191687033,47.81799999999999,312.02600000000007,1.084764885908018,18.70375,18.419444444444444,406.532602739726,25.98947337409755,0.0324650167763474,18.87555555555556,16.98,768.4132956591121,14.85,高危险
2019/5/31,6.7125,-0.16678937,949.7570359981296,17.97,426.268,-0.726595135,22.6673,178.483,18.69102384291725,0.1316697764783888,54.86,333.09,0.4671039097990119,20.69669237961665,20.46356942496493,390.815679124886,27.827091326503922,0.3068952185307063,20.898597475455823,3.129,778.238250714311,12.9,高危险
2019/6/30,23.7707,-0.865475332,944.8477777777777,22.855,534.235,-0.708753703,36.4689,219.114,22.54236111111111,0.7452903452000499,68.368,402.861,1.1254229188450422,25.768194444444443,25.431666666666672,406.164391143911,31.291564604728283,0.9647904131329536,26.008611111111115,5.515,783.2619866594054,23.24,很高危险
2019/7/31,11.0675,-1.084280618,944.4338125292192,27.125,589.0269999999999,-0.724218062,25.8325,278.25300000000004,24.78622604020571,0.9651087217180784,111.46,504.5989999999999,0.3449258399763751,27.32899135109865,27.085951379149137,418.353424657534,33.433464664034425,1.1680529711964551,27.52176834969612,4.438,788.5631619599345,16.16,高危险
2019/8/31,19.6125,-1.451190266,945.3062996727444,32.175,862.457,-0.802665147,41.4012,335.95,26.633800841514727,1.4136121555170813,117.95199999999998,615.1279999999999,0.3717367059507241,28.929610799438983,28.74579242636746,395.419891008174,33.61208432160036,1.3869326212591648,29.0103845254792,6.664,794.163120825131,22.4,很高危险
2019/9/30,2.0964,-1.210926746,952.928611111111,27.265,757.653,-0.726460248,16.0243,275.47700000000003,25.372638888888893,1.3022749137896878,96.397,534.3359999999998,-0.628335777,25.96208333333333,25.955555555555552,400.813246268657,27.915328484768633,1.0232789066988828,25.92625,3.53,799.5475208251311,7.2,中危险
2019/10/31,7.7063,-0.094857443,956.9211021505376,16.398999999999997,447.7870000000001,-0.802665147,24.2991,140.891,22.00967741935484,0.1114105898516348,54.295,309.587,-1.446869443,20.34462365591398,20.57916666666667,389.579322964318,23.58206269085753,0.1828365802862809,20.16760752688172,4.342,803.7701579219053,13.86,高危险
2019/11/30,3.2378,0.5785932010638782,959.4131582125603,12.257,352.48299999999995,-0.799939374,19.2972,92.908,18.28876811594203,-0.469046213,45.213,241.232,-1.135963275,15.86459541062802,16.173846618357487,401.232761732852,17.293150780349364,-0.476505657,15.648484299516907,3.086,806.9563709653835,9.17,中危险
2019/12/31,2.419,1.1362205991030918,961.3381720430108,10.887000000000002,326.495,-0.801250411,17.0392,73.554,13.8239247311828,-0.928053164,43.70799999999999,228.575,-0.934216262,10.81344086021505,11.09032258064516,381.75676416819,12.557919597049052,-1.018332045,10.641263440860214,0.3754,809.2686048363512,7.81,中危险
2020/1/31,0.8504,1.3557578404928683,959.7474170172976,7.327000000000002,197.94300000000004,-0.806229514,11.2147,46.82,11.127688172043015,-1.686773703,22.608,138.835,-0.82302872,8.123720196353437,8.4122311827957,380.763114754098,6.602725451087773,-1.495392675,7.944910004675082,0.0466,810.6713867437845,4.16,低危险
2020/2/29,2.4892,1.1339175610503964,959.7936344327836,9.476000000000004,270.54400000000004,-0.813465867,15.5973,81.215,11.053035982008996,-1.031911831,30.388,187.61900000000003,0.9784168381737504,10.915648425787104,10.893590704647677,368.669014084507,14.59791073902173,-0.923127221,10.964555222388803,0.9203,813.1152244499315,7.72,中危险
2020/3/31,4.9786,0.7501159727177737,954.5661290322582,11.877,358.47,-0.785565427,20.8104,109.99199999999998,13.719220430107528,-0.715829174,37.25899999999999,235.801,0.6653695517268244,14.375672043010754,14.315860215053766,368.025091240876,24.085233479462694,-0.533209038,14.447043010752688,1.147,822.3009198254472,11.19,高危险
2020/4/30,10.4498,0.1254988060176515,954.5277298850576,18.55034482758621,533.574827586207,-0.80392567,24.6196,180.9372413793103,15.452873563218391,-0.052531657,60.04448275862068,366.5793103448276,0.7590126167062786,16.598563218390805,16.504741379310346,365.753992740472,25.430535097367052,-0.0887446,16.745689655172413,2.126,832.3683005816725,15.63,高危险
2020/5/31,13.2745,-0.58203153,947.86061827957,23.044000000000004,649.5619999999999,-0.802665147,37.6626,226.992,20.322095605423097,0.5047252301169124,72.48899999999999,426.015,1.3168844451473494,23.37902641421225,23.08208274894812,373.270100273473,30.356924774652697,0.6806752381129274,23.61738546049557,1.701,843.6590776382798,19,高危险
2020/6/30,13.5245,-0.947655847,944.5643055555556,21.512,557.1229999999998,-0.775523026,25.8463,202.139,23.23138888888889,0.7636723301513204,64.556,366.434,0.6750517899829704,26.046805555555547,25.73916666666666,371.365122615804,32.920100219025066,1.07623323853594,26.299722222222226,2.043,848.787164828725,17.42,高危险
2020/7/31,-1.237628883,-1.213040983,944.804301075269,26.192,699.4179999999998,-0.797894721,0.9512991804355752,252.7040000000001,25.327688172043008,1.0578266843730628,87.047,467.632,0.3205653260132439,27.505913978494625,27.30322580645161,358.481137184116,28.00438498768668,1.265306012947015,27.654032258064515,4.652,854.1723618487227,4.22,低危险
2020/8/31,-1.459880043,-1.409044182,945.9938172043012,33.721000000000004,938.105,-0.800482236,1.3089761479227922,352.47399999999993,26.76774193548388,1.3343298941940716,116.41,625.84,0.1601786172455348,28.682392473118288,28.556854838709675,349.153127833182,26.82449678598254,1.3609549498486286,28.739919354838708,1.998,859.6852546950747,1.73,低危险
2020/9/30,-0.103534264,-0.158859458,951.4342391304348,11.993999999999998,308.723,-0.783913473,-0.212437064,88.92,24.156431159420286,-0.016118454,30.681999999999995,193.007,-1.637023291,22.76929347826088,23.02565821256039,348.74226519337,19.490722386970063,0.40974969092316,22.57256038647343,2.995,864.2215590429008,1.58,低危险
2020/10/31,0.403093218004595,0.3059194392216621,958.026612903226,14.393999999999998,401.007,-0.803936069,-0.399720185,122.069,20.01760752688173,-0.323949557,44.867,257.539,-0.964146264,18.43387096774193,18.59529569892473,341.999542543458,17.20912884063178,-0.149510659,18.336290322580645,8.002,867.9847848493524,5.31,中危险
2020/11/30,0.8008631387229771,0.6764485718257698,960.5318055555556,11.827,349.273,-0.801250411,-0.617758825,85.344,17.88305555555555,-0.602658179,44.40399999999999,232.54900000000004,-0.694672645,15.434722222222224,15.730972222222222,354.234029038113,12.716572309860032,-0.551805012,15.241527777777776,3.206,871.0669098493524,2.66,低危险
2020/12/31,1.2106554567961791,1.3557578404928683,963.056989247312,7.465,211.29,-0.805082029,-1.36998928,46.947,12.693413978494627,-1.425725314,25.609000000000005,148.46899999999997,-1.644367162,8.904838709677419,9.28763440860215,350.793579766537,7.9447934364274335,-1.507288011,8.640591397849462,5.234,872.7032485590298,7.19,中危险
2021/1/31,1.2106554567961791,1.3557578404928683,961.2176075268818,9.634000000000002,278.325,-0.805613206,-1.014676715,69.524,10.48172043010753,-1.157326364,36.125,205.688,0.1254443222708585,7.855913978494624,8.078897849462367,346.450719079578,6.258996692069835,-1.431871493,7.729435483870969,1.735,874.1938372687073,2.85,低危险
2021/2/28,1.1616380007576312,1.0463352206697634,957.3395833333332,9.725,261.176,-0.796924838,-1.05215773,81.09,11.778720238095238,-0.979959217,28.066000000000003,191.18099999999995,1.0849888789002022,11.766964285714286,11.714136904761904,352.657990430622,16.91088833794807,-0.797528769,11.837648809523811,0.9313,876.8112926258501,9.71,中危险
2021/3/31,0.9153525821964302,0.8112518935699154,954.8637096774193,10.908,287.20400000000006,-0.801977069,-0.90180505,110.164,12.920430107526885,-0.799057565,31.378000000000004,219.102,0.4117071516621982,13.594758064516132,13.419892473118278,343.72679558011,15.394770143340805,-0.555366688,13.755241935483872,1.869,887.0249279945491,5.93,中危险
2021/4/30,0.7717000940456908,0.6695774478159242,954.4136111111112,11.446000000000002,259.335,-0.802665147,-0.9241886,99.741,15.067222222222226,-0.749957298,31.046,202.566,0.3416953554561718,15.836944444444446,15.742361111111112,325.734518647008,16.8951208434849,-0.353985858,15.945416666666668,28.5,897.8282051010032,5.41,中危险
2021/5/31,-0.26419928,-0.285572691,948.5410705937352,19.196,421.0910000000002,-0.798808113,0.0427661489191555,175.184,19.12425198690976,0.180920368699762,54.114,333.205,1.4229647610327762,21.38032959326788,21.15331930808789,335.625203252033,21.92059311751081,0.4772248242538642,21.568443197755965,3.956,909.9828492861744,3.86,低危险
2021/6/30,-1.117313157,-1.078947054,945.1815881642513,27.876,755.525,-0.802665147,0.9267372608599448,276.33,22.414396135265704,0.9932280750727024,92.136,504.359,1.0931195977645578,25.75925120772947,25.39597222222222,333.183718778908,29.56046891935913,1.116303620397496,26.0226690821256,3.144,915.10692855273,6.27,中危险
2021/7/31,-1.500692316,-1.453110861,944.3544354838708,33.576,923.626,-0.814973586,1.3289838816409043,337.99800000000005,25.42916666666667,1.362156760247812,108.23399999999997,622.4879999999998,0.4914285415858974,28.646236559139783,28.292069892473112,330.975181818182,33.3503085591794,1.4049027047543825,28.961290322580645,5.707,920.6249334159712,8.53,中危险
2021/8/31,-1.416565333,-1.372320022,946.1319892473116,30.12399999999999,818.1239999999999,-0.801250411,1.2382723717192514,306.3430000000001,26.70497311827957,1.28003808121067,97.02299999999998,548.932,-0.109973672,28.52715053763441,28.393951612903223,337.339606741573,30.655474930802182,1.343190325703133,28.66061827956989,2.847,926.0521627368478,6.39,中危险
2021/9/30,-1.424977322,-1.362805104,950.7206944444443,28.708,818.9670000000001,-0.82141682,1.3879526138081997,301.588,26.185,1.359436284762921,95.682,546.121,-0.129986956,27.51236111111111,27.412222222222223,351.486549165121,32.94386861679045,1.269820386071411,27.604305555555563,6.291,931.7773627368476,18.45,高危险
2021/10/31,0.256281043863327,0.1686941310938869,957.8076612903226,14.413999999999998,401.01,-0.82141682,-0.247371158,124.352,22.23776881720431,-0.18399135,45.222,265.1,-2.251809687,19.556182795698923,19.92930107526881,354.809572490706,23.12762374338587,-0.039492504,19.30806451612904,1.197,935.6926691884606,19.27,高危险
2021/11/30,0.814485991967637,0.7345806078925678,959.263793103448,12.33206896551724,366.886551724138,-0.82141682,-0.607612363,95.6244827586207,17.16724137931034,-0.606496696,42.0548275862069,242.57689655172413,-0.94151978,14.624741379310349,14.900632183908044,353.890717703349,17.50887867947336,-0.585573127,14.472902298850572,1.498,938.7281157401848,15.39,高危险
2021/12/31,1.2106554567961791,1.254938352377914,962.8684139784948,11.095,339.03100000000006,-0.82141682,-0.917279654,79.66899999999997,14.06451612903226,-0.99324033,46.335,230.30800000000005,-0.93617888,10.56841397849462,10.946505376344088,353.218089053803,12.661908671504293,-1.128542724,10.341532258064513,3.032,940.888002836959,8.74,中危险
2022/1/31,1.2106554567961791,1.3557578404928683,959.9349462365592,6.001000000000001,169.153,-0.82141682,-1.97005823,30.354,10.70201612903226,-1.857756325,15.121800000000002,104.287,-0.758958133,7.670967741935483,7.961827956989249,347.222950819672,10.726623392883772,-1.568282804,7.495026881720429,3.243,942.1900270305074,9.11,中危险
2022/2/28,1.2106554567961791,1.3557578404928683,961.1556288819876,7.976999999999999,225.153,-0.82141682,-2.160353505,49.676000000000016,7.717352484472049,-2.056720585,37.964000000000006,145.102,-0.36939714,5.063574016563147,5.2587668219461685,345.819227230911,14.543032747113438,-1.781107056,4.974896480331263,0.6985,943.447859328644,26.73,很高危险
2022/3/31,0.5180499240646211,0.4430370108102983,953.0581989247312,15.14,441.333,-0.82141682,-0.397078577,141.54999999999993,12.124596774193543,-0.372877762,46.268,297.26,2.524993131550123,14.36451612903226,14.089381720430106,345.394095595127,15.533241879057147,-0.307974607,14.61948924731183,0.6294,955.3108457380712,3.53,低危险
2022/4/30,-0.088398085,-0.132745219,953.7227777777777,21.935,619.4840000000002,-0.82141682,0.268572363958759,214.35299999999995,15.795416666666664,0.2246527638675558,70.07899999999997,428.893,0.7462567463104072,18.244861111111103,17.94847222222222,427.20479875000007,20.408064090137405,0.1290596500897778,18.515138888888888,1.806,968.15991135308,5.42,中危险
2022/5/31,-0.051448263,-0.074353414,950.917741935484,19.827,509.126,-0.82141682,-0.032716059,171.97500000000005,18.45040322580645,0.0520914457805795,57.57299999999998,348.28400000000005,0.1811994760381619,20.12970430107527,19.93279569892473,427.097388384755,19.243533096404704,0.2369530510822158,20.335215053763445,1.285,981.4453644737832,2.87,低危险
2022/6/30,-0.866524571,-0.843823693,944.479559178744,21.256,530.6510000000001,-0.82141682,0.5474886082567674,188.18200000000004,21.836485507246383,0.6927416730589477,60.52,360.882,1.2923250731124871,24.970410628019327,24.67212560386473,427.20479875000007,32.56293550393118,0.9920672724982368,25.21477053140097,0.3893,986.3216783895574,15.68,高危险
2022/7/31,-1.533336977,-1.492079228,945.1600806451612,34.68799999999999,929.035,-0.82141682,1.3772013784660548,362.638,25.183870967741942,1.4012993247028624,117.92,640.7359999999999,0.7368633238350009,28.27836021505377,27.98776881720429,427.20479875000007,33.89836301449761,1.423629944001359,28.49247311827957,17.49,991.788852048755,12.94,高危险
2022/8/31,-1.815343468,-1.736609838,946.7674731182796,34.719,954.017,-0.82141682,1.823764977004912,367.2529999999999,26.30927419354839,1.7480813627109837,121.44599999999998,648.9929999999998,0.2093746485437243,28.481048387096763,28.288978494623656,427.20479875000007,30.286808989239486,1.5479351334654528,28.6353494623656,21.41,997.42138266308,4.74,低危险
2022/9/30,-1.489091363,-1.43347067,951.8061111111108,26.922000000000004,782.287,-0.82141682,1.80924882123378,269.19,25.13902777777778,1.6042583230871004,101.848,531.6019999999999,-0.721583842,25.76111111111111,25.672361111111115,427.20479875000007,24.87477845949838,1.129965246694376,25.92305555555556,3.922,1002.95325766308,1.32,低危险
2022/10/31,-0.424141429,-0.470840392,958.5767473118284,20.137000000000008,585.795,-0.82141682,0.8693341859060251,164.02199999999996,22.070833333333333,0.6766304194807753,71.351,396.907,-1.513250467,20.82029569892473,21.00604838709678,427.20479875000007,18.280421938189342,0.2508565613740286,20.770295698924738,2.74,1007.2699203559272,1.51,低危险
2022/11/30,0.2547776990216143,0.1909775331004938,956.2401388888889,13.886000000000005,395.6239999999999,-0.82141682,-0.102055005,109.532,19.171527777777776,-0.110201675,44.79200000000001,272.9719999999999,-0.642432725,17.676527777777775,17.895416666666666,427.20479875000007,15.658032201812032,-0.121008501,17.538333333333334,3.227,1010.9475453559272,1.96,低危险
2022/12/31,1.2106554567961791,1.3319687604982018,962.9288978494624,10.61,308.66800000000006,-0.82141682,-0.66203837,65.985,14.27110215053763,-0.899032517,42.95499999999999,220.903,-2.169317739,9.479301075268818,10.101344086021507,427.20479875000007,5.568718525358827,-1.382270562,9.006182795698924,4.772,1012.7566985817336,0.99,低危险
